SiteTitle,SiteUrl,IsHub,HubAssociation,Owner,Description,Template
Marketing Hub,https://contoso.sharepoint.com/sites/marketing-hub,true,,marketing@contoso.com,Central hub for all marketing sites,STS#3
US Marketing,https://contoso.sharepoint.com/sites/us-marketing,false,https://contoso.sharepoint.com/sites/marketing-hub,marketing@contoso.com,US Region Marketing,STS#3
EMEA Marketing,https://contoso.sharepoint.com/sites/emea-marketing,false,https://contoso.sharepoint.com/sites/marketing-hub,marketing@contoso.com,EMEA Region Marketing,STS#3
Sales Hub,https://contoso.sharepoint.com/sites/sales-hub,true,,sales@contoso.com,Main sales hub,STS#3
Enterprise Sales,https://contoso.sharepoint.com/sites/enterprise-sales,false,https://contoso.sharepoint.com/sites/sales-hub,sales@contoso.com,Enterprise sales team,STS#3
SMB Sales,https://contoso.sharepoint.com/sites/smb-sales,false,https://contoso.sharepoint.com/sites/sales-hub,sales@contoso.com,SMB sales team,STS#3
HR Hub,https://contoso.sharepoint.com/sites/hr-hub,true,,hr@contoso.com,Human Resources hub,STS#3
Recruitment,https://contoso.sharepoint.com/sites/recruitment,false,https://contoso.sharepoint.com/sites/hr-hub,hr@contoso.com,Recruitment team site,STS#3
Payroll,https://contoso.sharepoint.com/sites/payroll,false,https://contoso.sharepoint.com/sites/hr-hub,hr@contoso.com,Payroll team site,STS#3
